section_id,section_title,section_text,keywords
1,Title and extent of operation of the Code,This Act shall be called the Indian Penal Code and shall extend to the whole of India.,"ipc,extent,india,application"
2,Punishment of offences committed within India,Every person shall be liable to punishment under this Code for every act or omission contrary to the provisions thereof committed within India.,"punishment,offence,india,jurisdiction"
3,Punishment of offences committed beyond but triable within India,Any person liable by Indian law to be tried for an offence committed beyond India shall be punished according to this Code.,"offence,india,jurisdiction,trial"
4,Extension of Code to extra-territorial offences,The provisions of this Code apply to offences committed by any citizen of India in any place without and beyond India.,"extraterritorial,citizen,india,offence"
5,Certain laws not to be affected by this Act,Nothing in this Act shall affect the provisions of any special or local law in force.,"special law,local law,exception"
6,Definitions in the Code,Throughout this Code words and expressions are to be understood as defined unless a different meaning appears from the context.,"definitions,interpretation,terms"
7,Sense of expression once explained,Every expression explained in this Code is used in the same sense throughout unless context requires otherwise.,"interpretation,expressions,meaning"
8,Gender,The pronoun he and its derivatives are used for any person whether male or female.,"gender,interpretation,person"
9,Number,Unless the contrary appears words importing the singular number include the plural number and vice versa.,"number,plural,singular,interpretation"
10,Man Woman,The word man denotes a male human being and woman denotes a female human being.,"man,woman,definition"
11,Person,The word person includes any company or association or body of persons whether incorporated or not.,"person,company,association"
12,Public,The word public includes any class of the public or any community.,"public,community,definition"
13,Queen,The word Queen means the Sovereign for the time being.,"sovereign,queen,definition"
14,Servant of Government,The words servant of Government denote any officer or servant appointed or employed by the Government.,"government,servant,public servant"
15,British India,The words British India mean the territories declared as such by law.,"territory,british india,definition"
16,Government of India,The words Government of India mean the authority exercising executive power.,"government,authority,definition"
17,Government,The word Government includes the Central Government and State Government.,"central government,state government"
18,India,The word India means the territory of India excluding Jammu and Kashmir.,"india,territory,definition"
19,Judge,The word Judge denotes any person empowered by law to give judgment.,"judge,court,authority"
20,Court of Justice,The words Court of Justice denote a judge or body of judges legally empowered to act judicially.,"court,justice,judicial"
21,Public Servant,The words public servant denote any person falling under categories mentioned in this section.,"public servant,government,duty"
22,Movable Property,The words movable property include corporeal property except land and things attached to earth.,"movable property,property,definition"
23,Wrongful Gain,Wrongful gain is gain by unlawful means of property to which the person gaining is not legally entitled.,"wrongful gain,property,unlawful"
24,Dishonestly,A person is said to do a thing dishonestly if he does it with intention of causing wrongful gain or wrongful loss.,"dishonestly,intention,wrongful gain"
25,Fraudulently,A person is said to do a thing fraudulently if he does it with intent to defraud.,"fraud,fraudulently,deception"
26,Reason to believe,A person is said to have reason to believe a thing if he has sufficient cause to believe that thing.,"belief,knowledge,reason"
27,Property in possession of wife or clerk,Property in possession of wife clerk or servant on account of that person is deemed to be in possession of such person.,"property,possession,agent"
28,Counterfeit,A person is said to counterfeit who causes one thing to resemble another intending deception.,"counterfeit,deception,forgery"
29,Document,A document means any matter expressed or described upon any substance by means of letters figures or marks.,"document,writing,record"
30,Valuable security,Valuable security means a document which creates extends transfers restricts or extinguishes a legal right.,"valuable security,legal right,document"
31,Words referring to acts include illegal omissions,Words referring to acts done extend also to illegal omissions.,"acts,illegal omission,interpretation"
32,Words referring to acts include series of acts,Words referring to acts include a series of acts and words referring to omissions include a series of omissions.,"acts,omissions,series"
33,Act includes series of acts and omissions,An act which is criminal by reason of being done with a criminal knowledge or intention is not the less criminal because it is done by several acts.,"criminal act,intention,series"
34,Acts done by several persons in furtherance of common intention,When a criminal act is done by several persons in furtherance of the common intention of all each of such persons is liable for that act.,"common intention,joint liability"
35,When such an act is criminal by reason of its being done with a criminal knowledge or intention,Whenever an act which is criminal is done by several persons each of such persons who joins in the act with such knowledge or intention is liable.,"criminal knowledge,intention,liability"
36,Effect caused partly by act and partly by omission,Wherever the causing of a certain effect or an attempt to cause that effect by an act or by an omission is an offence it is to be understood that the causing of that effect partly by an act and partly by an omission is the same offence.,"act,omission,effect"
37,Co-operation by doing one of several acts constituting an offence,When an offence is committed by means of several acts whoever intentionally cooperates in the commission of that offence by doing any one of those acts commits that offence.,"cooperation,offence,participation"
38,Persons concerned in criminal act may be guilty of different offences,Where several persons are engaged in the commission of a criminal act they may be guilty of different offences by means of that act.,"joint act,different offences"
39,Voluntarily,A person is said to cause an effect voluntarily when he causes it by means whereby he intended to cause it or knew that it was likely to be caused.,"voluntarily,intention,knowledge"
40,Offence,The word offence denotes a thing made punishable by this Code.,"offence,punishable,definition"
41,Special law,A special law is a law applicable to a particular subject.,"special law,definition"
42,Local law,A local law is a law applicable only to a particular part of India.,"local law,definition"
43,Illegal,The word illegal applies to everything which is an offence or which is prohibited by law.,"illegal,prohibited,offence"
44,Injury,The word injury denotes harm to body mind reputation or property.,"injury,harm,body,mind,property"
45,Life,The word life denotes the life of a human being unless the contrary appears from the context.,"life,human being"
46,Death,The word death denotes the death of a human being unless the contrary appears from the context.,"death,human being"
47,Animal,The word animal denotes any living creature other than a human being.,"animal,definition"
48,Vessel,The word vessel denotes anything made for the conveyance by water of human beings or property.,"vessel,water,transport"
49,Year Month,Whenever the word year or month is used it is to be understood as year or month according to the British calendar.,"year,month,calendar"
50,Section,The word section denotes one of those portions of a Chapter of this Code which are numbered.,"section,code,definition"
50A,Life imprisonment,In the Code the expression life imprisonment means imprisonment for the remainder of a person's natural life.,"life imprisonment,imprisonment,definition"
51,Punishment of offences,The punishments to which offenders are liable under the provisions of this Code are specified hereinafter.,"punishment,offence,code"
52,Punishment,The word punishment includes imprisonment fine forfeiture of property and death.,"punishment,imprisonment,fine"
53,Punishments,The punishments which may be inflicted under this Code are death imprisonment for life imprisonment rigorous or simple forfeiture of property and fine.,"death,life imprisonment,rigorous imprisonment,fine"
54,Commutation of sentence of death,In every case in which sentence of death shall have been passed the appropriate Government may without the consent of the offender commute the punishment for any other punishment provided by this Code.,"commutation,death sentence,government"
55,Commutation of sentence of imprisonment for life,In every case in which sentence of imprisonment for life shall have been passed the appropriate Government may commute the punishment for imprisonment of either description for a term not exceeding fourteen years.,"commutation,life imprisonment,government"
55A,Definition of appropriate Government,In sections 54 and 55 the appropriate Government means the Central Government or the State Government as applicable.,"appropriate government,definition"
56,Sentence of Europeans and Americans to penal servitude,(Omitted).,"omitted,penal servitude"
57,Fractions of terms of punishment,In calculating fractions of terms of punishment imprisonment for life shall be reckoned as equivalent to imprisonment for twenty years.,"life imprisonment,calculation,term"
58,Offenders sentenced to transportation how dealt with,(Omitted).,"omitted,transportation"
59,Transportation instead of imprisonment,(Omitted).,"omitted,transportation"
60,Sentence may be partly rigorous and partly simple,In every case in which an offender is punishable with imprisonment which may be of either description it shall be competent to the Court to direct that such imprisonment shall be wholly or partly rigorous or simple.,"rigorous imprisonment,simple imprisonment,court"
61,Sentence of forfeiture of property,(Omitted).,"omitted,forfeiture"
62,Forfeiture of property in respect of offences,(Omitted).,"omitted,forfeiture"
63,Amount of fine,Where no sum is expressed the amount of fine shall be unlimited but shall not be excessive.,"fine,penalty,amount"
64,Sentence of imprisonment for non-payment of fine,In every case of an offence punishable with imprisonment as well as fine the Court may direct imprisonment in default of payment of fine.,"default of fine,imprisonment,court"
65,Limit to imprisonment for non-payment of fine,The term of imprisonment for non-payment of fine shall not exceed one-fourth of the maximum term of imprisonment fixed for the offence.,"limit,default of fine,imprisonment"
66,Description of imprisonment for non-payment of fine,The imprisonment imposed in default of payment of fine may be of any description to which the offender might have been sentenced for the offence.,"default of fine,imprisonment,description"
67,Imprisonment for non-payment of fine when offence punishable with fine only,If the offence be punishable with fine only the imprisonment shall be simple and shall not exceed two months or four months depending on the amount.,"fine only,default,imprisonment"
68,Imprisonment to terminate on payment of fine,The imprisonment shall terminate whenever the fine is paid or levied.,"payment of fine,termination,imprisonment"
69,Termination of imprisonment on payment of proportional part of fine,If a proportional part of the fine be paid the imprisonment shall be reduced accordingly.,"proportional fine,termination,imprisonment"
70,Fine leviable within six years or during imprisonment,The fine or any part thereof may be levied at any time within six years or during imprisonment.,"fine,levy,limitation"
71,Limit of punishment of offence made up of several offences,Where an offence is made up of several offences the punishment shall not exceed the punishment provided for the offence.,"limit,punishment,several offences"
72,Punishment of person guilty of one of several offences,If a person is guilty of one of several offences the punishment shall be according to the offence proved.,"punishment,offence proved"
73,Solitary confinement,Whenever imprisonment is awarded the Court may direct solitary confinement subject to restrictions.,"solitary confinement,imprisonment,court"
74,Limit of solitary confinement,In executing a sentence of solitary confinement the confinement shall not exceed the limits prescribed.,"solitary confinement,limit,execution"
75,Enhanced punishment for certain offences after previous conviction,Whoever having been convicted of an offence punishable with imprisonment commits a similar offence shall be subject to enhanced punishment.,"enhanced punishment,previous conviction,repeat offence"
76,Act done by a person bound by law,Nothing is an offence which is done by a person who is bound by law to do it.,"bound by law,legal duty,exception"
77,Act of Judge when acting judicially,Nothing is an offence which is done by a Judge when acting judicially in the exercise of any power given by law.,"judge,judicial act,exception"
78,Act done pursuant to judgment or order of Court,Nothing is an offence which is done pursuant to or warranted by a judgment or order of a Court of Justice.,"court order,judgment,exception"
79,Act done by a person justified by law,Nothing is an offence which is done by a person who is justified by law or who by reason of a mistake of fact believes himself to be justified by law.,"mistake of fact,justified by law,exception"
80,Accident in doing a lawful act,Nothing is an offence which is done by accident or misfortune in doing a lawful act in a lawful manner with proper care.,"accident,lawful act,exception"
81,Act likely to cause harm but done without criminal intent,Nothing is an offence merely by reason of its being done with the knowledge that it is likely to cause harm if it is done without criminal intent to prevent other harm.,"necessity,without intent,exception"
82,Act of a child under seven years of age,Nothing is an offence which is done by a child under seven years of age.,"child,age,exception"
83,Act of a child above seven and under twelve,Nothing is an offence which is done by a child above seven and under twelve who has not attained sufficient maturity of understanding.,"child,maturity,exception"
84,Act of a person of unsound mind,Nothing is an offence which is done by a person who is incapable of knowing the nature of the act due to unsoundness of mind.,"unsound mind,insanity,exception"
85,Act of a person incapable of judgment by intoxication,Nothing is an offence which is done by a person incapable of knowing the nature of the act due to intoxication without his knowledge.,"intoxication,incapacity,exception"
86,Offence requiring particular intent committed by intoxicated person,In cases where intent is required a person voluntarily intoxicated shall be liable as if sober.,"intoxication,intent,liability"
87,Act not intended to cause death done by consent,Nothing is an offence which is done by consent and not intended to cause death or grievous hurt.,"consent,exception,lawful act"
88,Act done in good faith for benefit of a person,Nothing is an offence which is done in good faith for the benefit of a person by consent.,"good faith,benefit,consent"
89,Act done in good faith for benefit of child or insane person,Nothing is an offence which is done in good faith for the benefit of a child or person of unsound mind by guardian.,"good faith,guardian,child"
90,Consent known to be given under fear or misconception,A consent is not valid if it is given under fear of injury or misconception of fact.,"invalid consent,fear,misconception"
91,Exclusion of acts which are offences independently of harm,This section excludes acts which are offences irrespective of consent.,"exception,independent offence"
92,Act done in good faith without consent,Nothing is an offence which is done in good faith for the benefit of a person without consent in emergency.,"emergency,good faith,exception"
93,Communication made in good faith,No communication made in good faith is an offence even if it causes harm.,"communication,good faith,exception"
94,Act compelled by threats,An act done under compulsion by threats is not an offence except murder and offences against the State.,"threats,compulsion,exception"
95,Act causing slight harm,Nothing is an offence by reason that it causes slight harm.,"slight harm,trivial,exception"
96,Things done in private defence,Nothing is an offence which is done in exercise of the right of private defence.,"private defence,exception"
97,Right of private defence of body and property,Every person has a right to defend his own body and property.,"private defence,body,property"
98,Right of private defence against unsound persons,Right of private defence extends against acts of persons of unsound mind or intoxicated.,"private defence,unsound mind"
99,Acts against which there is no right of private defence,There is no right of private defence against acts of public servants done in good faith.,"limitations,private defence"
100,When right of private defence extends to causing death,Right of private defence extends to causing death under specified conditions.,"private defence,death"
101,When right of private defence extends to causing harm,Right of private defence extends to causing harm other than death.,"private defence,harm"
102,Commencement and continuance of private defence of body,Right of private defence of body commences and continues as long as danger exists.,"private defence,body"
103,When right of private defence of property extends to causing death,Right of private defence of property extends to causing death in certain cases.,"private defence,property,death"
104,When right of private defence of property extends to causing harm,Right of private defence of property extends to causing harm other than death.,"private defence,property,harm"
105,Commencement and continuance of private defence of property,Right of private defence of property continues while danger exists.,"private defence,property"
106,Right of private defence against deadly assault,Right of private defence extends even if it risks harm to innocent persons.,"private defence,deadly assault"
107,Abetment of a thing,A person abets the doing of a thing who instigates any person to do that thing or engages in a conspiracy or intentionally aids by act or illegal omission.,"abetment,instigation,aid,conspiracy"
108,Abettor,A person who abets the commission of an offence is an abettor.,"abettor,abetment,offence"
108A,Abetment in India of offences outside India,A person abets an offence within India if he abets the commission of an act outside India which would be an offence if committed in India.,"abetment,extraterritorial,offence"
109,Punishment of abetment if offence committed,If the act abetted is committed the abettor is punished with the punishment provided for the offence.,"punishment,abetment,liability"
110,Punishment of abetment if person abetted does act with different intention,If the person abetted commits the act with a different intention the abettor is punished according to his intention.,"abetment,intention,punishment"
111,Liability of abettor when one act abetted and different act done,When an act abetted and a different act is done the abettor is liable for the act done if it was probable.,"abetment,liability,probable act"
112,Abettor liable for cumulative punishment,An abettor is liable for cumulative punishment for acts committed in pursuance of abetment.,"abetment,cumulative punishment"
113,Liability of abettor for effect caused,An abettor is liable for the effect caused by the act abetted.,"abetment,effect,liability"
114,Abettor present when offence committed,If the abettor is present at the time of commission he is treated as a principal offender.,"abetment,presence,principal"
115,Abetment of offence punishable with death or life imprisonment,Abetment of an offence punishable with death or imprisonment for life is punishable.,"abetment,death,life imprisonment"
116,Abetment of offence punishable with imprisonment,Abetment of an offence punishable with imprisonment is punishable.,"abetment,imprisonment"
117,Abetting commission of offence by the public,Abetting the commission of an offence by the public or more than ten persons is punishable.,"abetment,public,offence"
118,Concealing design to commit offence punishable with death or life imprisonment,Concealing a design to commit an offence punishable with death or life imprisonment is punishable.,"concealment,design,offence"
119,Public servant concealing design to commit offence,A public servant concealing a design to commit an offence is punishable.,"public servant,concealment,offence"
120,Concealing design to commit offence punishable with imprisonment,Concealing a design to commit an offence punishable with imprisonment is punishable.,"concealment,design,imprisonment"
120A,Definition of criminal conspiracy,When two or more persons agree to do an illegal act or a legal act by illegal means it is a criminal conspiracy.,"criminal conspiracy,agreement,illegal act"
120B,Punishment of criminal conspiracy,Whoever is a party to a criminal conspiracy shall be punished according to the nature of the conspiracy.,"criminal conspiracy,punishment"
121,Waging war against the Government of India,Whoever wages war against the Government of India or attempts to wage such war shall be punished with death or imprisonment for life.,"waging war,state,government"
121A,Conspiracy to commit offences punishable by section 121,Whoever conspires to commit any offence punishable by section 121 shall be punished.,"conspiracy,waging war,state"
122,Collecting arms with intention of waging war,Whoever collects arms or ammunition with intention of waging war against the Government of India shall be punished.,"arms,war,intention"
123,Concealing with intent to facilitate design to wage war,Whoever conceals a design to wage war against the Government of India shall be punished.,"concealment,war,design"
124,Assaulting President Governor etc with intent to compel,Whoever assaults or restrains the President or Governor with intent to compel shall be punished.,"assault,constitutional authority,coercion"
124A,Sedition,Whoever by words signs or representation brings hatred or contempt or excites disaffection towards the Government established by law shall be punished.,"sedition,disaffection,government"
125,Waging war against any Asiatic power in alliance with Government of India,Whoever wages war against any Asiatic power in alliance with the Government of India shall be punished.,"war,allied power,state"
126,Committing depredation on territories of power at peace with Government of India,Whoever commits depredation on territories of a power at peace with Government of India shall be punished.,"depredation,foreign power,peace"
127,Receiving property taken by war or depredation,Whoever knowingly receives property taken by war or depredation shall be punished.,"receiving stolen property,war"
128,Public servant voluntarily allowing prisoner of State to escape,A public servant who allows a prisoner of State to escape shall be punished.,"public servant,escape,state prisoner"
129,Public servant negligently suffering prisoner of State to escape,A public servant negligently suffering a prisoner of State to escape shall be punished.,"negligence,escape,public servant"
130,Aiding escape of rescue of or harbouring prisoner of State,Whoever aids the escape of a prisoner of State or harbours such prisoner shall be punished.,"harbouring,escape,state prisoner"
131,Abetting mutiny or attempting to seduce soldier sailor or airman,Whoever abets mutiny or attempts to seduce military personnel from duty shall be punished.,"mutiny,armed forces,abetment"
132,Abetment of mutiny if mutiny committed,Abetment of mutiny is punishable if mutiny is committed.,"mutiny,abetment,punishment"
133,Abetment of mutiny if mutiny not committed,Abetment of mutiny is punishable even if mutiny is not committed.,"mutiny,abetment"
134,Abetment of assault by soldier sailor or airman,Abetment of assault by military personnel on superior officer is punishable.,"assault,armed forces,abetment"
135,Abetment of desertion of soldier sailor or airman,Abetment of desertion by military personnel is punishable.,"desertion,armed forces,abetment"
136,Harbouring deserter,Whoever harbours a deserter shall be punished.,"harbouring,deserter,armed forces"
137,Deserter concealed on board merchant vessel,If a deserter is concealed on a merchant vessel the offence is punishable.,"deserter,merchant vessel"
138,Abetment of act of insubordination by soldier sailor or airman,Abetment of insubordination by armed forces personnel is punishable.,"insubordination,armed forces"
139,Persons subject to certain Acts,This section applies to persons subject to military naval or air force law.,"military law,armed forces"
140,Wearing garb or carrying token used by soldier sailor or airman,Wearing military garb or carrying token with intent to deceive shall be punished.,"impersonation,armed forces"
141,Unlawful assembly,An assembly of five or more persons is designated an unlawful assembly if the common object of the persons composing that assembly is to commit an offence or other acts specified.,"unlawful assembly,common object,group"
142,Being member of unlawful assembly,Whoever is aware of facts which render any assembly an unlawful assembly and intentionally joins it is said to be a member.,"member,unlawful assembly"
143,Punishment,Whoever is a member of an unlawful assembly shall be punished.,"punishment,unlawful assembly"
144,Joining unlawful assembly armed with deadly weapon,Whoever joins an unlawful assembly armed with a deadly weapon shall be punished.,"deadly weapon,unlawful assembly"
145,Joining or continuing in unlawful assembly knowing it has been commanded to disperse,Whoever joins or continues in an unlawful assembly knowing that it has been commanded to disperse shall be punished.,"disperse,unlawful assembly"
146,Rioting,Whenever force or violence is used by an unlawful assembly in prosecution of the common object it is rioting.,"rioting,violence,unlawful assembly"
147,Punishment for rioting,Whoever is guilty of rioting shall be punished.,"rioting,punishment"
148,Rioting armed with deadly weapon,Whoever is guilty of rioting armed with a deadly weapon shall be punished.,"rioting,deadly weapon"
149,Every member of unlawful assembly guilty of offence committed in prosecution of common object,If an offence is committed by any member of an unlawful assembly every member is guilty of that offence.,"common object,joint liability"
150,Hiring or conniving at hiring of persons to join unlawful assembly,Whoever hires or connives at hiring persons to join an unlawful assembly shall be punished.,"hiring,unlawful assembly"
151,Knowingly joining or continuing in assembly of five or more after it has been commanded to disperse,Whoever knowingly joins or continues in such assembly after command to disperse shall be punished.,"disperse,assembly"
152,Assaulting or obstructing public servant when suppressing riot,Whoever assaults or obstructs a public servant engaged in suppressing a riot shall be punished.,"assault,public servant,riot"
153,Wantonly giving provocation with intent to cause riot,Whoever malignantly or wantonly gives provocation intending to cause riot shall be punished.,"provocation,riot"
153A,Promoting enmity between different groups,Whoever promotes enmity between different groups on grounds such as religion race etc shall be punished.,"enmity,groups,harmony"
153B,Imputations prejudicial to national integration,Whoever makes assertions prejudicial to national integration shall be punished.,"national integration,imputation"
154,Owner or occupier of land on which unlawful assembly is held,Owner or occupier who knowingly permits unlawful assembly on land shall be punished.,"land owner,unlawful assembly"
155,Liability of person for whose benefit riot is committed,Whoever benefits from riot may be held liable.,"riot,liability"
156,Liability of agent of owner or occupier,Agent of owner or occupier permitting riot shall be punished.,"agent,liability,riot"
157,Harbouring persons hired for unlawful assembly,Whoever harbours persons hired for unlawful assembly shall be punished.,"harbouring,unlawful assembly"
158,Being hired to take part in unlawful assembly,Whoever is hired to take part in an unlawful assembly shall be punished.,"hired,unlawful assembly"
159,Affray,When two or more persons fight in a public place disturbing peace it is an affray.,"affray,fight,public peace"
160,Punishment for committing affray,Whoever commits affray shall be punished.,"affray,punishment"
161,Public servant taking gratification other than legal remuneration,A public servant taking gratification other than legal remuneration in respect of an official act commits an offence.,"public servant,bribery,gratification"
162,Taking gratification to influence public servant,Whoever takes gratification to influence a public servant commits an offence.,"gratification,influence,public servant"
163,Taking gratification for exercise of personal influence,Whoever takes gratification for exercising personal influence over a public servant commits an offence.,"gratification,personal influence"
164,Punishment for abetment by public servant of offences defined in section 162 or 163,Punishment is provided for abetment by public servant of offences under sections 162 or 163.,"abetment,public servant,punishment"
165,Public servant obtaining valuable thing without consideration,A public servant obtaining any valuable thing without consideration commits an offence.,"valuable thing,public servant,corruption"
165A,Punishment for abetment of offences defined in section 161 or 165,Punishment for abetment of offences relating to public servant gratification.,"abetment,gratification,public servant"
166,Public servant disobeying law with intent to cause injury,A public servant disobeying law with intent to cause injury commits an offence.,"disobedience,public servant,injury"
166A,Public servant disobeying direction under law,Public servant disobeying legal direction commits an offence.,"disobedience,public servant"
166B,Non-treatment of victim,Failure of public servant to provide treatment to victim is punishable.,"victim,neglect,public servant"
167,Public servant framing incorrect document,Public servant framing incorrect document with intent to cause injury commits an offence.,"false document,public servant"
168,Public servant unlawfully engaging in trade,A public servant unlawfully engaging in trade commits an offence.,"trade,public servant,misconduct"
169,Public servant unlawfully buying or bidding for property,Public servant unlawfully buying or bidding for property commits an offence.,"property,public servant,misconduct"
170,Personating a public servant,Whoever pretends to hold office as a public servant commits an offence.,"personation,public servant"
171,Wearing garb or carrying token used by public servant,Wearing garb or token used by public servant with intent to deceive is punishable.,"impersonation,public servant"
171A,Candidate,Candidate means a person who has been nominated as a candidate at an election.,"election,candidate,definition"
171B,Bribery,Bribery at elections is defined as giving or receiving gratification.,"bribery,election,gratification"
171C,Undue influence at elections,Undue influence at elections includes interference with free exercise of electoral right.,"election,undue influence"
171D,Personation at elections,Personation at elections is punishable.,"election,personation"
171E,Punishment for bribery,Punishment for bribery at elections is provided.,"election,bribery,punishment"
171F,Punishment for undue influence or personation,Punishment for undue influence or personation at elections.,"election,punishment"
171G,False statement in connection with election,Making false statements in elections is punishable.,"election,false statement"
171H,Illegal payments in connection with elections,Illegal payments in elections are punishable.,"election,illegal payment"
171I,Failure to keep election accounts,Failure to keep election accounts is punishable.,"election,accounts"
172,Absconding to avoid service of summons or other proceeding,Whoever absconds to avoid being served with a summons notice or other legal process commits an offence.,"absconding,summons,legal process"
173,Preventing service of summons or other proceeding or preventing publication thereof,Whoever intentionally prevents the service or publication of any summons or notice commits an offence.,"prevent service,summons,obstruction"
174,Non-attendance in obedience to an order from public servant,Whoever fails to attend in obedience to a summons or order issued by a public servant commits an offence.,"non attendance,summons,public servant"
175,Omission to produce document to public servant by person legally bound to produce it,Whoever omits to produce a document which he is legally bound to produce commits an offence.,"document,omission,public servant"
176,Omission to give notice or information to public servant by person legally bound to give it,Whoever omits to give notice or information which he is legally bound to give commits an offence.,"information,omission,public servant"
177,Furnishing false information,Whoever furnishes information which he knows or believes to be false commits an offence.,"false information,public servant"
178,Refusing oath or affirmation when duly required by public servant,Whoever refuses to take oath or affirmation when required commits an offence.,"oath,affirmation,refusal"
179,Refusing to answer public servant authorised to question,Whoever refuses to answer questions legally required by a public servant commits an offence.,"refusal,questioning,public servant"
180,Refusing to sign statement,Whoever refuses to sign a statement when legally required commits an offence.,"refusal,statement"
181,False statement on oath or affirmation,Whoever makes a false statement on oath or affirmation commits an offence.,"false statement,oath"
182,False information with intent to cause public servant to use lawful power to injury,Whoever gives false information to cause a public servant to misuse lawful power commits an offence.,"false information,misuse of power"
183,Resistance to taking of property by lawful authority,Whoever resists the lawful taking of property by authority commits an offence.,"resistance,lawful authority"
184,Obstructing sale of property offered for sale by authority,Whoever obstructs the lawful sale of property commits an offence.,"obstruction,property sale"
185,Illegal purchase or bid at sale by authority,Whoever illegally purchases or bids at sale by authority commits an offence.,"illegal purchase,auction"
186,Obstructing public servant in discharge of public functions,Whoever voluntarily obstructs a public servant in discharge of public functions commits an offence.,"obstruction,public servant"
187,Omission to assist public servant,Whoever omits to assist a public servant when legally bound commits an offence.,"omission,assistance,public servant"
188,Disobedience to order duly promulgated by public servant,Whoever disobeys an order promulgated by a public servant commits an offence.,"disobedience,public order"
189,Threat of injury to public servant,Whoever threatens injury to a public servant to influence official conduct commits an offence.,"threat,public servant"
190,Threat of injury to induce person to refrain from applying for protection,Whoever threatens injury to induce a person to refrain from seeking lawful protection commits an offence.,"threat,coercion"
191,Giving false evidence,Whoever is legally bound to state the truth and gives false evidence commits an offence.,"false evidence,perjury"
192,Fabricating false evidence,Whoever causes any circumstance to exist or makes any false entry with intent that such circumstance or entry may appear in evidence commits an offence.,"false evidence,fabrication,judicial"
193,Punishment for false evidence,Whoever intentionally gives false evidence or fabricates false evidence shall be punished.,"false evidence,punishment"
194,Giving or fabricating false evidence with intent to procure conviction of capital offence,False evidence given with intent to procure conviction for capital offence is punishable.,"false evidence,capital offence"
195,Giving or fabricating false evidence with intent to procure conviction of offence punishable with imprisonment for life,False evidence to procure conviction for life imprisonment is punishable.,"false evidence,life imprisonment"
196,Using evidence known to be false,Whoever uses evidence knowing it to be false commits an offence.,"false evidence,usage"
197,Issuing or signing false certificate,Whoever issues or signs a false certificate commits an offence.,"false certificate,forgery"
198,Using as true a certificate known to be false,Whoever uses as true a certificate known to be false commits an offence.,"false certificate,usage"
199,False statement made in declaration,Whoever makes a false statement in any declaration commits an offence.,"false statement,declaration"
200,Using as true such declaration knowing it to be false,Whoever uses a false declaration as true commits an offence.,"false declaration,usage"
201,Causing disappearance of evidence of offence,Whoever causes evidence to disappear to screen offender commits an offence.,"destruction of evidence,screening"
202,Intentional omission to give information of offence,Whoever intentionally omits to give information of offence commits an offence.,"omission,information,offence"
203,Giving false information respecting an offence committed,Whoever gives false information respecting an offence commits an offence.,"false information,offence"
204,Destruction of document to prevent its production as evidence,Whoever destroys a document to prevent its use as evidence commits an offence.,"document destruction,evidence"
205,False personation for purpose of act or proceeding in suit,Whoever falsely personates in a suit or proceeding commits an offence.,"false personation,court"
206,Fraudulent removal or concealment of property to prevent seizure,Fraudulent removal or concealment of property to prevent seizure commits an offence.,"concealment,property,fraud"
207,Fraudulent claim to property to prevent seizure,Fraudulent claim to property to prevent seizure commits an offence.,"fraudulent claim,property"
208,Fraudulently suffering decree for sum not due,Fraudulently allowing decree for sum not due commits an offence.,"fraud,judicial decree"
209,Dishonestly making false claim in court,Whoever dishonestly makes a false claim in court commits an offence.,"false claim,court"
210,False charge of offence made with intent to injure,Whoever institutes false criminal proceedings commits an offence.,"false charge,malicious"
211,False charge of offence made with intent to injure,False charge of offence with intent to injure is punishable.,"false charge,punishment"
212,Harbouring offender,Whoever harbours an offender commits an offence.,"harbouring,offender"
213,Taking gift etc to screen an offender from punishment,Taking gift to screen an offender commits an offence.,"screening offender,gratification"
214,Offering gift to screen offender,Offering gift to screen an offender commits an offence.,"screening offender,bribe"
215,Taking gift to help offender escape punishment,Taking gift to help offender escape punishment commits an offence.,"escape,screening"
216,Harbouring offender who has escaped from custody,Harbouring an offender who escaped from custody commits an offence.,"harbouring,escape"
216A,Penalty for harbouring robbers or dacoits,Harbouring robbers or dacoits is punishable.,"harbouring,dacoity"
217,Public servant disobeying law to save person from punishment,Public servant disobeying law to save person from punishment commits an offence.,"public servant,misconduct"
218,Public servant framing incorrect record,Public servant framing incorrect record commits an offence.,"false record,public servant"
219,Public servant corruptly making report,Public servant corruptly making report commits an offence.,"corrupt report,public servant"
220,Commitment for trial or confinement by person having authority who knows that he is acting contrary to law,Illegal confinement by authority is punishable.,"illegal confinement,authority"
221,Intentional omission to apprehend offender by public servant,Public servant omitting to apprehend offender commits an offence.,"omission,public servant"
222,Intentional omission to apprehend offender by public servant on pecuniary consideration,Omission to apprehend offender for gain commits an offence.,"omission,bribe"
223,Escape from confinement negligently suffered by public servant,Negligent escape from confinement by public servant commits an offence.,"negligence,escape"
224,Resistance or obstruction by person to his lawful apprehension,Resistance to lawful arrest commits an offence.,"resistance,arrest"
225,Resistance or obstruction to lawful apprehension of another person,Resistance to lawful apprehension of another commits an offence.,"obstruction,arrest"
225A,Resistance or obstruction to lawful apprehension of person,Resistance to apprehension of person charged with offence commits an offence.,"obstruction,arrest"
225B,Resistance or obstruction to lawful apprehension of person for offence punishable with death,Resistance to apprehension for capital offence commits an offence.,"capital offence,arrest"
226,Unlawful return from transportation,Unlawful return from transportation commits an offence.,unlawful return
227,Violation of condition of remission of punishment,Violation of condition of remission commits an offence.,"remission,violation"
228,Intentional insult or interruption to public servant sitting in judicial proceeding,Intentional insult to public servant during judicial proceeding commits an offence.,"insult,judicial"
228A,Disclosure of identity of the victim of certain offences,Disclosure of identity of victim of certain offences is punishable.,"victim identity,privacy"
230,Coin defined,Coin is metal used for money and stamped by authority of Government.,"coin,definition,money"
231,Counterfeiting coin,Whoever counterfeits or knowingly performs any part of the process of counterfeiting coin commits an offence.,"counterfeiting,coin"
232,Counterfeiting Indian coin,Whoever counterfeits Indian coin commits an offence.,"counterfeiting,indian coin"
233,Making or selling instrument for counterfeiting coin,Whoever makes or sells instruments for counterfeiting coin commits an offence.,"counterfeiting,instruments"
234,Making or selling instrument for counterfeiting Indian coin,Whoever makes or sells instruments for counterfeiting Indian coin commits an offence.,"counterfeiting,indian coin"
235,Possession of instrument or material for purpose of using same for counterfeiting coin,Possession of instruments or materials for counterfeiting coin commits an offence.,"possession,counterfeiting"
236,Abetting in India the counterfeiting out of India of coin,Abetment in India of counterfeiting coin outside India is punishable.,"abetment,counterfeiting"
237,Import or export of counterfeit coin,Importing or exporting counterfeit coin commits an offence.,"import,export,counterfeit"
238,Import or export of Indian counterfeit coin,Importing or exporting Indian counterfeit coin commits an offence.,"import,export,indian coin"
239,Delivery of coin possessed with knowledge that it is counterfeit,Delivering counterfeit coin knowingly commits an offence.,"delivery,counterfeit"
240,Delivery of Indian coin possessed with knowledge that it is counterfeit,Delivering Indian counterfeit coin knowingly commits an offence.,"delivery,counterfeit"
241,Possession of counterfeit coin by person who knew it to be counterfeit when he became possessed thereof,Possession of counterfeit coin knowingly commits an offence.,"possession,counterfeit"
242,Possession of Indian counterfeit coin,Possession of Indian counterfeit coin knowingly commits an offence.,"possession,counterfeit"
243,Possession of instrument or material for counterfeiting Indian coin,Possession of instruments or material for counterfeiting Indian coin commits an offence.,"counterfeiting,instruments"
244,Person employed in mint causing coin to be of different weight or composition,Mint employee causing coin variation commits an offence.,"mint,coin,misconduct"
245,Unlawfully taking coining instrument from mint,Unlawfully taking coining instruments from mint commits an offence.,"mint,coining instrument"
246,Fraudulently or dishonestly diminishing weight or altering composition of coin,Altering weight or composition of coin fraudulently commits an offence.,"coin,alteration,fraud"
247,Fraudulently or dishonestly diminishing weight or altering composition of Indian coin,Altering Indian coin fraudulently commits an offence.,"coin,alteration,fraud"
248,Altering appearance of coin with intent that it shall pass as coin of different description,Altering appearance of coin to pass as another commits an offence.,"coin,alteration"
249,Altering appearance of Indian coin,Altering appearance of Indian coin commits an offence.,"coin,alteration"
250,Delivery of coin as genuine which when first possessed was counterfeit,Delivering counterfeit coin as genuine commits an offence.,"delivery,counterfeit"
251,Delivery of Indian coin as genuine which when first possessed was counterfeit,Delivering Indian counterfeit coin as genuine commits an offence.,"delivery,counterfeit"
252,Possession of coin by person who knew it to be counterfeit when he became possessed thereof,Possession of coin knowingly counterfeit commits an offence.,"possession,counterfeit"
253,Possession of Indian coin by person who knew it to be counterfeit when he became possessed thereof,Possession of Indian counterfeit coin knowingly commits an offence.,"possession,counterfeit"
254,Delivery of coin possessed with knowledge that it is counterfeit,Delivery of counterfeit coin knowingly commits an offence.,"delivery,counterfeit"
255,Counterfeiting Government stamp,Counterfeiting Government stamp commits an offence.,"counterfeiting,government stamp"
256,Having possession of instrument or material for counterfeiting Government stamp,Possession of material for counterfeiting Government stamp commits an offence.,"counterfeiting,government stamp"
257,Making or selling instrument for counterfeiting Government stamp,Making or selling instrument for counterfeiting Government stamp commits an offence.,"counterfeiting,government stamp"
258,Sale of counterfeit Government stamp,Selling counterfeit Government stamp commits an offence.,"counterfeit stamp,sale"
259,Possession of counterfeit Government stamp,Possession of counterfeit Government stamp commits an offence.,"counterfeit stamp,possession"
260,Using as genuine a Government stamp known to be counterfeit,Using counterfeit Government stamp knowingly commits an offence.,"counterfeit stamp,usage"
261,Effacing writing from substance bearing Government stamp,Effacing writing from substance bearing Government stamp commits an offence.,"government stamp,effacing"
262,Using Government stamp known to be previously used,Using previously used Government stamp commits an offence.,"government stamp,reuse"
263,Erasure of mark denoting that stamp has been used,Erasing mark showing stamp has been used commits an offence.,"government stamp,erasure"
264,Prohibition of fictitious stamps,Making or using fictitious stamps is prohibited.,"fictitious stamp,prohibition"
265,Sale of fictitious stamps,Sale of fictitious stamps commits an offence.,"fictitious stamp,sale"
266,Possession of fictitious stamps,Possession of fictitious stamps commits an offence.,"fictitious stamp,possession"
267,Making or selling instrument for making fictitious stamps,Making or selling instruments for fictitious stamps commits an offence.,"fictitious stamp,instrument"
268,Public nuisance,A person is guilty of public nuisance who does any act or is guilty of an illegal omission which causes common injury danger or annoyance to the public.,"public nuisance,common injury"
269,Negligent act likely to spread infection of disease dangerous to life,Negligent act likely to spread infection dangerous to life is punishable.,"negligence,infectious disease"
270,Malignant act likely to spread infection of disease dangerous to life,Malignant act likely to spread infection dangerous to life is punishable.,"malignant act,infectious disease"
271,Disobedience to quarantine rule,Disobedience to quarantine rule is punishable.,"quarantine,disobedience"
272,Adulteration of food or drink intended for sale,Adulteration of food or drink intended for sale is punishable.,"adulteration,food safety"
273,Sale of noxious food or drink,Sale of noxious food or drink is punishable.,"noxious food,sale"
274,Adulteration of drugs,Adulteration of drugs is punishable.,"adulteration,drugs"
275,Sale of adulterated drugs,Sale of adulterated drugs is punishable.,"adulterated drugs,sale"
276,Sale of drug as a different drug,Sale of drug as a different drug is punishable.,drug fraud
277,Fouling water of public spring or reservoir,Fouling water of public spring or reservoir is punishable.,"water pollution,public health"
278,Making atmosphere noxious to health,Making atmosphere noxious to health is punishable.,"air pollution,health"
279,Rash driving or riding on a public way,Rash or negligent driving on a public way is punishable.,"rash driving,traffic"
280,Rash navigation of vessel,Rash navigation of vessel is punishable.,"rash navigation,vessel"
281,Exhibition of false light mark or buoy,Exhibiting false light mark or buoy is punishable.,navigation hazard
282,Conveying person by water so rashly or negligently as to endanger human life,Rash or negligent conveyance by water endangering life is punishable.,"negligence,water transport"
283,Danger or obstruction in public way or line of navigation,Causing danger or obstruction in public way or navigation is punishable.,public obstruction
284,Negligent conduct with respect to poisonous substance,Negligent conduct with poisonous substance is punishable.,"poison,negligence"
285,Negligent conduct with respect to fire or combustible matter,Negligent conduct with fire or combustible matter is punishable.,"fire hazard,negligence"
286,Negligent conduct with respect to explosive substance,Negligent conduct with explosive substance is punishable.,"explosives,negligence"
287,Negligent conduct with respect to machinery,Negligent conduct with machinery is punishable.,"machinery,negligence"
288,Negligent conduct with respect to pulling down or repairing buildings,Negligent conduct during building repair is punishable.,"building safety,negligence"
289,Negligent conduct with respect to animal,Negligent conduct with animal is punishable.,"animal control,negligence"
290,Punishment for public nuisance in cases not otherwise provided for,Punishment for public nuisance where no specific punishment is provided.,"public nuisance,punishment"
291,Continuance of nuisance after injunction to discontinue,Continuing nuisance after injunction is punishable.,"injunction,nuisance"
292,Sale etc of obscene books,Sale or distribution of obscene books is punishable.,"obscenity,books"
293,Sale etc of obscene objects to young persons,Sale of obscene objects to young persons is punishable.,"obscenity,minors"
294,Obscene acts and songs,Obscene acts and songs in public places are punishable.,"obscenity,public place"
294A,Keeping lottery office,Keeping a lottery office is punishable.,"lottery,gambling"
295,Injuring or defiling place of worship with intent to insult religion,Whoever destroys damages or defiles any place of worship or sacred object with intent to insult religion commits an offence.,"religion,place of worship,insult"
295A,Deliberate and malicious acts intended to outrage religious feelings,Deliberate and malicious acts intended to outrage religious feelings of any class by words signs or representations are punishable.,"religious feelings,outrage"
296,Disturbing religious assembly,Whoever voluntarily causes disturbance to a religious assembly commits an offence.,"religious assembly,disturbance"
297,Trespassing on burial places,Whoever trespasses on burial places or places set apart for funeral rites commits an offence.,"burial place,trespass"
298,Uttering words with deliberate intent to wound religious feelings,Uttering words with deliberate intent to wound religious feelings of any person is punishable.,"religious feelings,utterance"
299,Culpable homicide,Whoever causes death by doing an act with intention of causing death or such bodily injury as is likely to cause death commits culpable homicide.,"culpable homicide,death,intention"
300,Murder,Culpable homicide is murder if the act falls within the conditions defined in this section.,"murder,culpable homicide"
301,Culpable homicide by causing death of person other than person whose death was intended,Causing death of a person other than intended still amounts to culpable homicide.,"transferred intention,death"
302,Punishment for murder,Whoever commits murder shall be punished with death or imprisonment for life.,"murder,punishment"
303,Punishment for murder by life convict,Whoever being under sentence of life imprisonment commits murder shall be punished.,"murder,life convict"
304,Punishment for culpable homicide not amounting to murder,Punishment for culpable homicide not amounting to murder is provided.,"culpable homicide,punishment"
304A,Causing death by negligence,Whoever causes death by a rash or negligent act not amounting to culpable homicide commits an offence.,death by negligence
305,Abetment of suicide of child or insane person,Abetment of suicide of a child or insane person is punishable.,"abetment,suicide"
306,Abetment of suicide,Whoever abets the commission of suicide shall be punished.,"abetment,suicide"
307,Attempt to murder,Whoever does any act with intention or knowledge and under circumstances that if he caused death he would be guilty of murder commits attempt to murder.,attempt to murder
308,Attempt to commit culpable homicide,Attempt to commit culpable homicide not amounting to murder is punishable.,"attempt,culpable homicide"
309,Attempt to commit suicide,Whoever attempts to commit suicide and does any act towards it commits an offence.,"attempt,suicide"
310,Thug,A thug is a person who commits robbery or dacoity with murder.,"thug,robbery,murder"
311,Punishment,Punishment for offences relating to thug is provided.,"thug,punishment"
312,Causing miscarriage,Whoever voluntarily causes a woman with child to miscarry commits an offence.,"miscarriage,abortion"
313,Causing miscarriage without woman's consent,Causing miscarriage without consent of woman is punishable.,"miscarriage,consent"
314,Death caused by act done with intent to cause miscarriage,Causing death by act intended to cause miscarriage commits an offence.,"miscarriage,death"
315,Act done with intent to prevent child being born alive,Act done to prevent child being born alive commits an offence.,"child,birth"
316,Causing death of quick unborn child,Causing death of a quick unborn child commits an offence.,"unborn child,death"
317,Exposure and abandonment of child under twelve years by parent or person having care of it,Whoever being the father or mother of a child under the age of twelve years or having the care of such child exposes or leaves such child with the intention of wholly abandoning it commits an offence.,"child abandonment,exposure,parent"
318,Concealment of birth by secret disposal of dead body,Whoever secretly buries or disposes of the dead body of a child whether such child died before or after birth commits an offence.,"concealment of birth,dead body"
319,Hurt,Whoever causes bodily pain disease or infirmity to any person is said to cause hurt.,"hurt,injury,definition"
320,Grievous hurt,The following kinds of hurt only are designated as grievous hurt as enumerated in this section.,"grievous hurt,serious injury"
321,Voluntarily causing hurt,Whoever does any act with the intention of thereby causing hurt or with the knowledge that he is likely thereby to cause hurt commits an offence.,"voluntarily causing hurt,intention"
322,Voluntarily causing grievous hurt,Whoever voluntarily causes grievous hurt commits an offence.,voluntarily causing grievous hurt
323,Punishment for voluntarily causing hurt,Whoever voluntarily causes hurt shall be punished as provided in this section.,"punishment,hurt"
324,Voluntarily causing hurt by dangerous weapons or means,Whoever voluntarily causes hurt by means of dangerous weapons or means commits an offence.,"dangerous weapons,hurt"
325,Punishment for voluntarily causing grievous hurt,Whoever voluntarily causes grievous hurt shall be punished as provided in this section.,"punishment,grievous hurt"
326,Voluntarily causing grievous hurt by dangerous weapons or means,Whoever voluntarily causes grievous hurt by dangerous weapons or means commits an offence.,"dangerous weapons,grievous hurt"
327,Voluntarily causing hurt to extort property or constrain to illegal act,Whoever voluntarily causes hurt to extort property or constrain a person to an illegal act commits an offence.,"extortion,hurt"
328,Causing hurt by means of poison etc with intent to commit offence,Whoever administers poison or any stupefying intoxicating or unwholesome drug with intent to cause hurt commits an offence.,"poison,stupefying substance,hurt"
329,Voluntarily causing grievous hurt to extort property or constrain to illegal act,Whoever voluntarily causes grievous hurt to extort property or constrain a person to an illegal act commits an offence.,"extortion,grievous hurt"
330,Voluntarily causing hurt to extort confession or information,Whoever voluntarily causes hurt to extort confession or information commits an offence.,"confession,coercion,hurt"
331,Voluntarily causing grievous hurt to extort confession or information,Whoever voluntarily causes grievous hurt to extort confession or information commits an offence.,"confession,coercion,grievous hurt"
332,Voluntarily causing hurt to deter public servant from duty,Whoever voluntarily causes hurt to deter or prevent a public servant from discharge of his duty commits an offence.,"public servant,hurt,deterrence"
333,Voluntarily causing grievous hurt to deter public servant from duty,Whoever voluntarily causes grievous hurt to deter or prevent a public servant from discharge of his duty commits an offence.,"public servant,grievous hurt"
334,Voluntarily causing hurt on provocation,Whoever voluntarily causes hurt on grave and sudden provocation commits an offence.,"provocation,hurt"
335,Voluntarily causing grievous hurt on provocation,Whoever voluntarily causes grievous hurt on grave and sudden provocation commits an offence.,"provocation,grievous hurt"
336,Act endangering life or personal safety of others,Whoever does any act so rashly or negligently as to endanger human life or the personal safety of others commits an offence.,"rash act,negligence,endanger life"
337,Causing hurt by act endangering life or personal safety of others,Whoever causes hurt by doing any act so rashly or negligently as to endanger human life commits an offence.,"negligence,hurt"
338,Causing grievous hurt by act endangering life or personal safety of others,Whoever causes grievous hurt by doing any act so rashly or negligently as to endanger human life commits an offence.,"negligence,grievous hurt"
339,Wrongful restraint,Whoever voluntarily obstructs any person so as to prevent that person from proceeding in any direction in which that person has a right to proceed commits an offence.,"wrongful restraint,obstruction,freedom"
340,Wrongful confinement,Whoever wrongfully restrains any person in such a manner as to prevent that person from proceeding beyond certain circumscribing limits commits an offence.,"wrongful confinement,restriction"
341,Punishment for wrongful restraint,Whoever wrongfully restrains any person shall be punished as provided in this section.,"punishment,wrongful restraint"
342,Punishment for wrongful confinement,Whoever wrongfully confines any person shall be punished as provided in this section.,"punishment,wrongful confinement"
343,Wrongful confinement for three or more days,Whoever wrongfully confines any person for three or more days commits an offence.,"long confinement,wrongful confinement"
344,Wrongful confinement for ten or more days,Whoever wrongfully confines any person for ten or more days commits an offence.,"extended confinement,wrongful confinement"
345,Wrongful confinement of person for whose liberation writ has been issued,Whoever wrongfully confines a person for whose liberation a writ has been issued commits an offence.,"illegal detention,writ"
346,Wrongful confinement in secret,Whoever wrongfully confines a person in secret commits an offence.,secret confinement
347,Wrongful confinement to extort property or constrain to illegal act,Whoever wrongfully confines a person to extort property or constrain to illegal act commits an offence.,"extortion,wrongful confinement"
348,Wrongful confinement to extort confession or information,Whoever wrongfully confines a person to extort confession or information commits an offence.,"confession,coercion"
349,Force,A person is said to use force if he causes motion change of motion or cessation of motion to another.,"force,definition"
350,Criminal force,Whoever intentionally uses force to any person without consent in order to cause injury fear or annoyance commits criminal force.,"criminal force,injury"
351,Assault,Whoever makes any gesture or preparation intending or knowing it to be likely to cause apprehension of criminal force commits assault.,"assault,threat"
352,Punishment for assault or criminal force otherwise than on grave provocation,Whoever commits assault or criminal force otherwise than on grave provocation shall be punished.,"punishment,assault"
353,Assault or criminal force to deter public servant from discharge of his duty,Whoever assaults or uses criminal force to deter a public servant from duty commits an offence.,"public servant,assault"
354,Assault or criminal force to woman with intent to outrage her modesty,Whoever assaults or uses criminal force to a woman intending to outrage her modesty commits an offence.,"woman,modesty,assault"
354A,Sexual harassment,Sexual harassment includes unwelcome physical contact and advances or demand for sexual favours.,"sexual harassment,woman"
354B,Assault or use of criminal force to woman with intent to disrobe,Assault or use of criminal force to disrobe a woman commits an offence.,"disrobing,woman"
354C,Voyeurism,Watching or capturing image of a woman engaged in a private act without consent commits an offence.,"voyeurism,privacy"
354D,Stalking,Following or contacting a woman repeatedly despite clear indication of disinterest commits an offence.,"stalking,woman"
355,Assault or criminal force with intent to dishonour person otherwise than on grave provocation,Whoever assaults or uses criminal force with intent to dishonour a person commits an offence.,"dishonour,assault"
356,Assault or criminal force in attempt to commit theft of property carried by person,Whoever assaults or uses criminal force in attempt to commit theft commits an offence.,"theft,assault"
357,Assault or criminal force in attempt wrongfully to confine person,Whoever assaults or uses criminal force in attempt to wrongfully confine a person commits an offence.,"wrongful confinement,assault"
358,Assault or criminal force on grave provocation,Whoever assaults or uses criminal force on grave and sudden provocation commits an offence.,"provocation,assault"
359,Kidnapping,Kidnapping is of two kinds kidnapping from India and kidnapping from lawful guardianship.,"kidnapping,definition"
360,Kidnapping from India,Whoever conveys any person beyond the limits of India without consent commits kidnapping.,"kidnapping,india"
361,Kidnapping from lawful guardianship,Whoever takes or entices a minor or person of unsound mind from lawful guardianship commits kidnapping.,"minor,guardianship"
362,Abduction,Whoever by force or deceit compels any person to go from any place commits abduction.,"abduction,force,deceit"
363,Punishment for kidnapping,Whoever kidnaps any person shall be punished as provided in this section.,"kidnapping,punishment"
364,Kidnapping or abducting in order to murder,Whoever kidnaps or abducts a person in order that such person may be murdered commits an offence.,"kidnapping,murder"
364A,Kidnapping for ransom,Whoever kidnaps or abducts any person and threatens to cause death or hurt in order to compel payment of ransom commits an offence.,"kidnapping,ransom,threat"
365,Kidnapping or abducting with intent secretly and wrongfully to confine person,Whoever kidnaps or abducts any person with intent to secretly and wrongfully confine such person commits an offence.,"kidnapping,wrongful confinement"
366,Kidnapping abducting or inducing woman to compel her marriage,Whoever kidnaps or abducts a woman to compel her marriage or illicit intercourse commits an offence.,"kidnapping,woman,marriage"
366A,Procuration of minor girl,Whoever induces a minor girl to go from any place with intent that she may be forced into illicit intercourse commits an offence.,"minor girl,exploitation"
366B,Importation of girl from foreign country,Whoever imports a girl under the age of twenty-one years from any foreign country for illicit intercourse commits an offence.,"importation,minor girl"
367,Kidnapping abducting in order to subject person to grievous hurt slavery etc,Whoever kidnaps or abducts any person to subject them to grievous hurt slavery or unnatural lust commits an offence.,"kidnapping,grievous hurt,slavery"
368,Wrongfully concealing or keeping in confinement kidnapped person,Whoever wrongfully conceals or keeps in confinement any kidnapped or abducted person commits an offence.,"confinement,kidnapped person"
369,Kidnapping abducting child under ten years with intent to steal property,Whoever kidnaps or abducts a child under ten years with intent to steal property commits an offence.,"kidnapping,child,theft"
370,Trafficking of person,Whoever for the purpose of exploitation recruits transports harbours transfers or receives a person commits trafficking.,"human trafficking,exploitation"
370A,Exploitation of a trafficked person,Whoever knowingly engages a trafficked person for sexual exploitation commits an offence.,"trafficking,sexual exploitation"
371,Habitual dealing in slaves,Whoever habitually imports exports removes buys sells traffics or deals in slaves commits an offence.,"slavery,trafficking"
372,Selling minor for purposes of prostitution,Whoever sells or lets to hire a minor for prostitution commits an offence.,"minor,prostitution"
373,Buying minor for purposes of prostitution,Whoever buys or hires a minor for prostitution commits an offence.,"minor,prostitution"
374,Unlawful compulsory labour,Whoever unlawfully compels any person to labour against his will commits an offence.,forced labour
375,Rape,A man is said to commit rape if he commits sexual intercourse under circumstances falling within this section.,"rape,sexual offence"
376,Punishment for rape,Whoever commits rape shall be punished with rigorous imprisonment as provided in this section.,"rape,punishment"
376A,Punishment for causing death or persistent vegetative state of victim,Whoever causes death or persistent vegetative state during rape commits an offence.,"rape,death"
376B,Sexual intercourse by husband upon his wife during separation,Sexual intercourse by husband upon his wife during separation is punishable.,"marital rape,separation"
376C,Sexual intercourse by person in authority,Sexual intercourse by a person in authority commits an offence.,"sexual exploitation,authority"
376D,Gang rape,When a woman is raped by one or more persons acting in furtherance of common intention it is gang rape.,"gang rape,sexual offence"
376DA,Gang rape on woman under sixteen years of age,Gang rape of a woman under sixteen years of age commits an offence.,"gang rape,minor"
376DB,Gang rape on woman under twelve years of age,Gang rape of a woman under twelve years of age commits an offence.,"gang rape,child"
377,Unnatural offences,Whoever voluntarily has carnal intercourse against the order of nature commits an offence.,unnatural offence
378,Theft,Whoever intending to take dishonestly any movable property out of the possession of any person without that person's consent moves that property commits theft.,"theft,dishonest,property"
379,Punishment for theft,Whoever commits theft shall be punished as provided in this section.,"theft,punishment"
380,Theft in dwelling house,Whoever commits theft in any building tent or vessel used as a human dwelling commits an offence.,"theft,dwelling house"
381,Theft by clerk or servant of property in possession of master,Whoever being a clerk or servant commits theft of property in possession of his master commits an offence.,"theft,servant"
382,Theft after preparation made for causing death hurt or restraint,Whoever commits theft after making preparation for causing death hurt or restraint commits an offence.,"theft,violence"
383,Extortion,Whoever intentionally puts any person in fear of injury and thereby dishonestly induces that person to deliver property commits extortion.,"extortion,fear,property"
384,Punishment for extortion,Whoever commits extortion shall be punished as provided in this section.,"extortion,punishment"
385,Putting person in fear of injury in order to commit extortion,Whoever puts or attempts to put any person in fear of injury in order to commit extortion commits an offence.,"extortion,fear"
386,Extortion by putting a person in fear of death or grievous hurt,Whoever commits extortion by putting a person in fear of death or grievous hurt commits an offence.,"extortion,grievous hurt"
387,Putting person in fear of death or grievous hurt in order to commit extortion,Whoever puts or attempts to put a person in fear of death or grievous hurt to commit extortion commits an offence.,"extortion,death"
388,Extortion by threat of accusation of an offence punishable with death or life imprisonment,Whoever commits extortion by threat of accusation of an offence punishable with death or life imprisonment commits an offence.,"extortion,threat"
389,Putting person in fear of accusation of offence in order to commit extortion,Whoever puts a person in fear of accusation of offence in order to commit extortion commits an offence.,"extortion,accusation"
390,Robbery,In all robbery there is either theft or extortion combined with violence or fear of instant violence.,"robbery,violence"
391,Dacoity,When five or more persons conjointly commit or attempt to commit robbery it is dacoity.,"dacoity,group robbery"
392,Punishment for robbery,Whoever commits robbery shall be punished as provided in this section.,"robbery,punishment"
393,Attempt to commit robbery,Whoever attempts to commit robbery commits an offence.,"robbery,attempt"
394,Voluntarily causing hurt in committing robbery,Whoever voluntarily causes hurt in committing robbery commits an offence.,"robbery,hurt"
395,Punishment for dacoity,Whoever commits dacoity shall be punished as provided in this section.,"dacoity,punishment"
396,Dacoity with murder,If any one of five or more persons committing dacoity commits murder every one of them commits an offence.,"dacoity,murder"
397,Robbery or dacoity with attempt to cause death or grievous hurt,Robbery or dacoity with use of deadly weapon or attempt to cause death commits an offence.,"robbery,deadly weapon"
398,Attempt to commit robbery or dacoity when armed with deadly weapon,Attempt to commit robbery or dacoity while armed with deadly weapon commits an offence.,"robbery,attempt,weapon"
399,Making preparation to commit dacoity,Whoever makes preparation to commit dacoity commits an offence.,"dacoity,preparation"
400,Punishment for belonging to gang of dacoits,Whoever belongs to a gang of persons associated for committing dacoity commits an offence.,"dacoity,gang"
401,Punishment for belonging to gang of thieves,Whoever belongs to a gang of thieves commits an offence.,"theft,gang"
402,Assembling for purpose of committing dacoity,Whoever assembles for the purpose of committing dacoity commits an offence.,"dacoity,assembly"
403,Dishonest misappropriation of property,Whoever dishonestly misappropriates or converts to his own use any movable property commits an offence.,"misappropriation,property"
404,Dishonest misappropriation of property possessed by deceased person,Whoever dishonestly misappropriates property possessed by a deceased person commits an offence.,"misappropriation,deceased"
405,Criminal breach of trust,Whoever entrusted with property dishonestly misappropriates or violates any legal contract commits criminal breach of trust.,"criminal breach of trust,entrustment"
406,Punishment for criminal breach of trust,Whoever commits criminal breach of trust shall be punished as provided in this section.,"criminal breach of trust,punishment"
407,Criminal breach of trust by carrier etc,Criminal breach of trust by carrier wharfinger or warehouse keeper commits an offence.,"breach of trust,carrier"
408,Criminal breach of trust by clerk or servant,Criminal breach of trust by clerk or servant commits an offence.,"breach of trust,servant"
409,Criminal breach of trust by public servant banker merchant or agent,Criminal breach of trust by public servant banker merchant or agent commits an offence.,"breach of trust,public servant"
410,Stolen property,Property whose possession has been transferred by theft extortion robbery or breach of trust is stolen property.,"stolen property,definition"
411,Dishonestly receiving stolen property,Whoever dishonestly receives or retains stolen property commits an offence.,receiving stolen property
412,Dishonestly receiving property stolen in the commission of a dacoity,Receiving property stolen in dacoity commits an offence.,"dacoity,stolen property"
413,Habitually dealing in stolen property,Whoever habitually deals in stolen property commits an offence.,"stolen property,habitual"
414,Assisting in concealment or disposal of stolen property,Whoever assists in concealing or disposing stolen property commits an offence.,"concealment,stolen property"
415,Cheating,Whoever deceives any person fraudulently or dishonestly induces delivery of property commits cheating.,"cheating,deception"
416,Cheating by personation,Cheating by pretending to be some other person commits an offence.,"cheating,personation"
417,Punishment for cheating,Whoever cheats shall be punished as provided in this section.,"cheating,punishment"
418,Cheating with knowledge that wrongful loss may ensue to person whose interest offender is bound to protect,Cheating with special knowledge causing wrongful loss commits an offence.,"cheating,wrongful loss"
419,Punishment for cheating by personation,Whoever cheats by personation shall be punished.,"cheating,personation"
420,Cheating and dishonestly inducing delivery of property,Cheating and dishonestly inducing delivery of property commits an offence.,"cheating,property"
421,Dishonest or fraudulent removal or concealment of property to prevent distribution among creditors,Removal or concealment of property to prevent distribution among creditors commits an offence.,"fraud,creditors"
422,Dishonestly or fraudulently preventing debt being available for creditors,Preventing debt from being available for creditors commits an offence.,"fraud,creditors"
423,Dishonest or fraudulent execution of deed of transfer,Fraudulent execution of deed of transfer commits an offence.,"fraud,transfer"
424,Dishonest or fraudulent removal or concealment of property,Fraudulent removal or concealment of property commits an offence.,"fraud,concealment"
425,Mischief,Whoever with intent causes destruction of property commits mischief.,"mischief,property damage"
426,Punishment for mischief,Whoever commits mischief shall be punished.,"mischief,punishment"
427,Mischief causing damage to amount of fifty rupees,Mischief causing damage of certain amount commits an offence.,"mischief,damage"
428,Mischief by killing or maiming animal,Killing or maiming animal by mischief commits an offence.,"animal,mischief"
429,Mischief by killing or maiming cattle,Killing or maiming cattle commits an offence.,"cattle,mischief"
430,Mischief by injury to works of irrigation,Injury to irrigation works commits mischief.,"irrigation,mischief"
431,Mischief by injury to public road bridge river or channel,Injury to public infrastructure commits mischief.,"public infrastructure,mischief"
432,Mischief by causing inundation or obstruction to public drainage,Causing inundation or obstruction commits mischief.,"flooding,public drainage"
433,Mischief by destroying lighthouse or sea mark,Destroying lighthouse or sea mark commits mischief.,"navigation,mischief"
434,Mischief by destroying landmark fixed by public authority,Destroying landmark fixed by public authority commits mischief.,"landmark,mischief"
435,Mischief by fire or explosive substance with intent to cause damage,Mischief by fire or explosive substance commits an offence.,"fire,explosive,mischief"
436,Mischief by fire or explosive substance with intent to destroy house,Mischief by fire with intent to destroy house commits an offence.,"arson,house"
437,Mischief with intent to destroy tent or vessel,Mischief to destroy tent or vessel commits an offence.,"tent,vessel,mischief"
438,Punishment for mischief,Punishment for mischief in certain cases is provided.,"mischief,punishment"
439,Punishment for intentionally running vessel aground,Intentionally running vessel aground commits an offence.,"vessel,mischief"
440,Mischief committed after preparation for causing death or hurt,Mischief committed after preparation for violence commits an offence.,"mischief,violence"
441,Criminal trespass,Whoever enters into property with intent to commit an offence commits criminal trespass.,"criminal trespass,property"
442,House trespass,Criminal trespass into building or tent used as dwelling commits house trespass.,house trespass
443,Lurking house trespass,House trespass by taking precautions to conceal trespass commits an offence.,lurking trespass
444,Lurking house trespass by night,Lurking house trespass by night commits an offence.,night trespass
445,House breaking,House trespass effected by any of the six specified ways commits house breaking.,house breaking
446,House breaking by night,House breaking by night commits an offence.,"house breaking,night"
447,Punishment for criminal trespass,Whoever commits criminal trespass shall be punished.,"criminal trespass,punishment"
448,Punishment for house trespass,Whoever commits house trespass shall be punished.,"house trespass,punishment"
449,House trespass in order to commit offence punishable with death,House trespass to commit offence punishable with death commits an offence.,"house trespass,death"
450,House trespass to commit offence punishable with imprisonment for life,House trespass to commit offence punishable with life imprisonment commits an offence.,"house trespass,life imprisonment"
451,House trespass to commit offence punishable with imprisonment,House trespass to commit offence punishable with imprisonment commits an offence.,"house trespass,imprisonment"
452,House-trespass after preparation for hurt assault or wrongful restraint,House-trespass after preparation for causing hurt assault or wrongful restraint commits an offence.,"house trespass,violence"
453,Punishment for lurking house-trespass or house-breaking,Punishment for lurking house-trespass or house-breaking is provided.,"house trespass,punishment"
454,Lurking house-trespass or house-breaking in order to commit offence punishable with imprisonment,House-breaking to commit offence punishable with imprisonment commits an offence.,"house breaking,imprisonment"
455,Lurking house-trespass or house-breaking after preparation for hurt assault or wrongful restraint,House-breaking after preparation for violence commits an offence.,"house breaking,violence"
456,Punishment for lurking house-trespass or house-breaking by night,House-breaking by night is punishable.,"house breaking,night"
457,Lurking house-trespass or house-breaking by night to commit offence punishable with imprisonment,House-breaking by night to commit offence punishable with imprisonment commits an offence.,"house breaking,night"
458,Lurking house-trespass or house-breaking by night after preparation for hurt assault or wrongful restraint,House-breaking by night after preparation for violence commits an offence.,"house breaking,night,violence"
459,Grievous hurt caused whilst committing lurking house-trespass or house-breaking,Causing grievous hurt while committing house-breaking commits an offence.,"house breaking,grievous hurt"
460,All persons jointly concerned in lurking house-trespass or house-breaking by night punishable where death or grievous hurt caused,Joint liability where death or grievous hurt is caused during house-breaking by night.,"joint liability,house breaking"
461,Dishonestly breaking open receptacle containing property,Dishonestly breaking open a receptacle containing property commits an offence.,"breaking open,property"
462,Punishment for same offence when committed by person entrusted with custody,Punishment for breaking open by person entrusted with custody.,"breach of trust,property"
463,Forgery,Whoever makes any false document with intent to cause damage or injury commits forgery.,"forgery,false document"
464,Making a false document,Explanation of what constitutes making a false document.,"false document,definition"
465,Punishment for forgery,Whoever commits forgery shall be punished.,"forgery,punishment"
466,Forgery of record of court or of public register,Forgery of court record or public register commits an offence.,"forgery,court record"
467,Forgery of valuable security will etc,Forgery of valuable security or will commits an offence.,"forgery,valuable security"
468,Forgery for purpose of cheating,Forgery intended for cheating commits an offence.,"forgery,cheating"
469,Forgery for purpose of harming reputation,Forgery to harm reputation commits an offence.,"forgery,reputation"
470,Forged document,Definition of forged document.,"forged document,definition"
471,Using as genuine a forged document,Using forged document as genuine commits an offence.,"forged document,usage"
472,Making or possessing counterfeit seal etc with intent to commit forgery,Making or possessing counterfeit seal commits an offence.,"counterfeit seal,forgery"
473,Making or possessing counterfeit seal with intent to commit forgery punishable otherwise,Possession of counterfeit seal for forgery commits an offence.,counterfeit seal
474,Having possession of document described in section 466 or 467 knowing it to be forged,Possession of forged document knowingly commits an offence.,"forged document,possession"
475,Counterfeiting device or mark used for authenticating documents,Counterfeiting authentication marks commits an offence.,"counterfeit mark,document"
476,Counterfeiting device or mark used for authenticating documents punishable otherwise,Counterfeiting authentication marks commits an offence.,counterfeit mark
477,Fraudulent cancellation destruction of will or valuable security,Fraudulent destruction of will or valuable security commits an offence.,"fraud,valuable security"
477A,Falsification of accounts,Falsification of accounts by clerk servant or officer commits an offence.,"falsification,accounts"
478,Trade mark,Definition relating to trade mark.,"trade mark,definition"
479,Property mark,Definition relating to property mark.,"property mark,definition"
480,Using a false trade mark,Using a false trade mark commits an offence.,false trade mark
481,Using a false property mark,Using a false property mark commits an offence.,false property mark
482,Punishment for using false property mark,Punishment for using false property mark.,"false property mark,punishment"
483,Counterfeiting a property mark used by another,Counterfeiting a property mark used by another commits an offence.,counterfeit property mark
484,Counterfeiting a mark used by a public servant,Counterfeiting mark used by public servant commits an offence.,"counterfeit mark,public servant"
485,Making or possession of any instrument for counterfeiting a property mark,Making or possessing instrument for counterfeiting property mark commits an offence.,"counterfeiting,instrument"
486,Selling goods marked with a counterfeit property mark,Selling goods with counterfeit property mark commits an offence.,counterfeit goods
487,Making a false mark upon any receptacle containing goods,Making false mark on receptacle commits an offence.,"false mark,goods"
488,Punishment for making use of any such false mark,Punishment for using false mark.,"false mark,punishment"
489A,Counterfeiting currency notes or bank notes,Counterfeiting currency or bank notes commits an offence.,counterfeit currency
489B,Using as genuine forged or counterfeit currency notes,Using counterfeit currency knowingly commits an offence.,"counterfeit currency,usage"
489C,Possession of forged or counterfeit currency notes,Possession of counterfeit currency knowingly commits an offence.,"counterfeit currency,possession"
489D,Making or possessing instruments for counterfeiting currency notes,Making or possessing instruments for counterfeiting currency commits an offence.,"counterfeiting,currency"
489E,Making or using documents resembling currency notes,Making or using documents resembling currency notes commits an offence.,fake currency
490,Breach of contract of marriage,Whoever dishonestly induces a person to believe that he or she is lawfully married and thereby causes cohabitation commits an offence.,"marriage,breach,cohabitation"
491,Repealed,(Repealed by law).,repealed
492,Repealed,(Repealed by law).,repealed
493,Cohabitation caused by a man deceitfully inducing a belief of lawful marriage,A man who deceitfully induces a woman to believe that she is lawfully married to him and cohabits commits an offence.,"deceit,marriage,cohabitation"
494,Marrying again during lifetime of husband or wife,Whoever having a husband or wife living marries again commits an offence.,"bigamy,marriage"
495,Same offence with concealment of former marriage,Bigamy with concealment of former marriage commits an offence.,"bigamy,concealment"
496,Marriage ceremony fraudulently gone through without lawful marriage,Whoever fraudulently goes through marriage ceremony without lawful marriage commits an offence.,fraudulent marriage
497,Adultery,Whoever has sexual intercourse with a married woman without consent of her husband commits adultery.,adultery
498,Enticing or taking away or detaining with criminal intent a married woman,Enticing or detaining a married woman with criminal intent commits an offence.,"married woman,enticement"
498A,Husband or relative of husband of a woman subjecting her to cruelty,Husband or relative who subjects a woman to cruelty commits an offence.,"cruelty,woman,husband"
499,Defamation,Whoever by words or representations harms the reputation of a person commits defamation.,"defamation,reputation"
500,Punishment for defamation,Whoever commits defamation shall be punished.,"defamation,punishment"
501,Printing or engraving matter known to be defamatory,Printing or engraving defamatory matter commits an offence.,defamatory publication
502,Sale of printed or engraved substance containing defamatory matter,Selling defamatory printed matter commits an offence.,defamatory sale
503,Criminal intimidation,Whoever threatens another with injury to person reputation or property with intent to cause alarm or compel that person to do or omit any act commits criminal intimidation.,"criminal intimidation,threat,alarm"
504,Intentional insult with intent to provoke breach of peace,Whoever intentionally insults and thereby gives provocation intending or knowing it to be likely that such provocation will cause breach of the peace commits an offence.,"intentional insult,breach of peace"
505,Statements conducing to public mischief,Whoever makes statements with intent to cause fear alarm or incite offences against public tranquillity commits an offence.,"public mischief,statements"
506,Punishment for criminal intimidation,Whoever commits criminal intimidation shall be punished as provided in this section.,"criminal intimidation,punishment"
507,Criminal intimidation by anonymous communication,Criminal intimidation by anonymous communication commits an offence.,"anonymous threat,intimidation"
508,Act caused by inducing person to believe he will be rendered object of divine displeasure,Whoever induces a person to believe that he will be an object of divine displeasure if he does not act commits an offence.,"divine displeasure,coercion"
509,Word gesture or act intended to insult the modesty of a woman,Whoever by word gesture or act intends to insult the modesty of a woman commits an offence.,"woman,modesty,insult"
510,Misconduct in public by a drunken person,Misconduct in public place by a drunken person commits an offence.,"public misconduct,drunkenness"
511,Punishment for attempting to commit offences punishable with imprisonment for life or other imprisonment,Whoever attempts to commit an offence punishable with imprisonment and does any act towards its commission commits an offence.,"attempt,punishment"
